n_estimators,mean,std
1,0.97975555555555549,0.01475267709541158
10,0.99170000000000003,0.0066215230801708056
20,0.9930444444444444,0.0056367839530474528
40,0.99381111111111109,0.0049876514179187145
80,0.99406666666666654,0.0047198556161218604
160,0.99411111111111106,0.0047279050772782239
320,0.99442222222222232,0.0044709763620074793
640,0.99435555555555555,0.0044817324692495875
