n_variables_svd,mean,std
5,0.90958888888888867,0.057089685777925107
10,0.94985555555555545,0.037114006873050519
20,0.96308888888888888,0.026217504283668907
40,0.97331111111111102,0.018724170686608102
