n_variables_svd,mean,std
5,0.91782222222222209,0.053548436594623362
10,0.9563222222222223,0.033122460769203228
20,0.96922222222222221,0.022514741398624
40,0.978188888888889,0.015479899352082932
